{"cameraMode":{"drawMode":0,"name":"Shaded","section":"Shading Mode"},"sceneLighting":false,"audioPlay":false,"sceneViewState":{"showFog":true,"showMaterialUpdate":true,"showSkybox":false,"showFlares":true,"showImageEffects":true,"showParticleSystems":true},"in2DMode":false,"pivot":{"x":0.0,"y":-5.960464477539063e-8,"z":-0.0817645713686943},"rotation":{"x":-0.04664190113544464,"y":0.079925037920475,"z":-0.0037515261210501196,"w":-0.9957147240638733},"size":1.9551440477371216,"orthographic":false}