{"cameraMode":{"drawMode":0,"name":"Shaded","section":"Shading Mode"},"sceneLighting":true,"audioPlay":false,"sceneViewState":{"showFog":true,"showMaterialUpdate":true,"showSkybox":true,"showFlares":true,"showImageEffects":true,"showParticleSystems":true},"in2DMode":false,"pivot":{"x":2.9988443851470949,"y":-11.452253341674805,"z":2.78743052482605},"rotation":{"x":0.10423649102449417,"y":0.07064756006002426,"z":0.007490798830986023,"w":-0.992061972618103},"size":5.4235429763793949,"orthographic":false}