{"cameraMode":{"drawMode":0,"name":"Shaded","section":"Shading Mode"},"sceneLighting":false,"audioPlay":false,"sceneViewState":{"showFog":true,"showMaterialUpdate":true,"showSkybox":false,"showFlares":true,"showImageEffects":true,"showParticleSystems":true},"in2DMode":false,"pivot":{"x":2.0439462661743166,"y":0.1962904930114746,"z":-1.095703363418579},"rotation":{"x":-0.04664190113544464,"y":0.079925037920475,"z":-0.0037515261210501196,"w":-0.9957147240638733},"size":42.131591796875,"orthographic":false}