{"cameraMode":{"drawMode":0,"name":"Shaded","section":"Shading Mode"},"sceneLighting":false,"audioPlay":false,"sceneViewState":{"showFog":true,"showMaterialUpdate":true,"showSkybox":false,"showFlares":true,"showImageEffects":true,"showParticleSystems":true},"in2DMode":false,"pivot":{"x":0.0,"y":-0.6111593246459961,"z":-0.9679999947547913},"rotation":{"x":-0.04664190113544464,"y":0.079925037920475,"z":-0.0037515261210501196,"w":-0.9957147240638733},"size":7.804774761199951,"orthographic":false}