{"cameraMode":{"drawMode":0,"name":"Shaded","section":"Shading Mode"},"sceneLighting":false,"audioPlay":false,"sceneViewState":{"showFog":true,"showMaterialUpdate":true,"showSkybox":false,"showFlares":true,"showImageEffects":true,"showParticleSystems":true},"in2DMode":false,"pivot":{"x":0.00006633996963500977,"y":1.0514857769012452,"z":-0.9032691717147827},"rotation":{"x":-0.04664190113544464,"y":0.079925037920475,"z":-0.0037515261210501196,"w":-0.9957147240638733},"size":4.45285701751709,"orthographic":false}